,Title,Year,Rated,Released,Runtime,Genre,Director,Writer,Actors,Plot,Language,Country,Awards,Poster,Ratings,Metascore,imdbRating,imdbVotes,imdbID,Type,DVD,BoxOffice,Production,Website,Response,totalSeasons,Error
0,Switched,2018–,N/A,01 Aug 2018,35 min,"Drama, Sci-Fi",N/A,N/A,"Kaya Kiyohara, Daiki Shigeoka, Tomohiro Kamiyama, Miu Tomita","In this sci-fi teen drama based on a Japanese comic book series, 2 high school girls swapped bodies. After the unattractive girl switched with a cute popular girl, she refused to switch back.",Japanese,Japan,N/A,https://m.media-amazon.com/images/M/MV5BMTA1ODgyOTk4NzVeQTJeQWpwZ15BbWU4MDE1NzI1MDYz._V1_SX300.jpg,"[{'Source': 'Internet Movie Database', 'Value': '7.2/10'}]",N/A,7.2,839,tt8747882,series,,,,,True,1,
1,,,,,,,,,,,,,,,,,,,,,,,,,False,,Movie not found!
2,Teen Wolf: Back to the Pack,2013,N/A,27 May 2013,42 min,"Drama, Horror, Thriller",N/A,N/A,"Doug Cox, Tyler Hoechlin, Dylan O'Brien, Tyler Posey",N/A,English,USA,N/A,https://m.media-amazon.com/images/M/MV5BZGQ3MWJkOGQtOTE4OS00NmVkLThjNTQtMzUyZDFhZWZkN2ZiXkEyXkFqcGdeQXVyNzg0NzQ5NjM@._V1_SX300.jpg,"[{'Source': 'Internet Movie Database', 'Value': '9.1/10'}]",N/A,9.1,89,tt2935250,movie,N/A,N/A,N/A,N/A,True,,
3,Hinterland,2013–,N/A,28 Apr 2014,90 min,"Crime, Drama, Mystery",N/A,N/A,"Richard Harrington, Mali Harries, Alex Harries, Hannah Daniel","A noir crime drama set in Aberystwyth, Wales, where troubled DCI Tom Mathias solves murders while searching for redemption.","Welsh, English",UK,6 wins & 13 nominations.,https://m.media-amazon.com/images/M/MV5BM2FkYTUwZWYtZGJkOS00OTFmLWFiN2YtODljZGYwN2EyYzFiXkEyXkFqcGdeQXVyMjExMjk0ODk@._V1_SX300.jpg,"[{'Source': 'Internet Movie Database', 'Value': '7.6/10'}]",N/A,7.6,"9,251",tt2575968,series,,,,,True,3,
4,,,,,,,,,,,,,,,,,,,,,,,,,False,,Movie not found!
5,,,,,,,,,,,,,,,,,,,,,,,,,False,,Movie not found!
6,Air Bud: Golden Receiver,1998,G,14 Aug 1998,90 min,"Comedy, Family, Sport",Richard Martin,"Kevin DiCicco (character ""Air Bud""), Paul Tamasy (characters), Aaron Mendelsohn (characters), Paul Tamasy, Aaron Mendelsohn","Tim Conway, Dick Martin, Kevin Zegers, Cynthia Stevenson",Story of a golden retriever who can play football.,English,"USA, Canada",3 nominations.,https://m.media-amazon.com/images/M/MV5BNjcxMzQ2NDM0NF5BMl5BanBnXkFtZTgwOTI4OTY4ODE@._V1_SX300.jpg,"[{'Source': 'Internet Movie Database', 'Value': '4.5/10'}, {'Source': 'Rotten Tomatoes', 'Value': '21%'}]",N/A,4.5,"5,153",tt0140796,movie,12 Dec 2000,N/A,Dimension Films,N/A,True,,
7,The Break with Michelle Wolf,2018–,TV-MA,27 May 2018,N/A,Comedy,N/A,N/A,"Michelle Wolf, D.J. Jer-z, Michael Hartney",Comedian Michelle Wolf riffs on the latest topics and trends of the day.,English,USA,N/A,https://m.media-amazon.com/images/M/MV5BNzM5Nzk1MTUxNF5BMl5BanBnXkFtZTgwNjc3OTU1NTM@._V1_SX300.jpg,"[{'Source': 'Internet Movie Database', 'Value': '5.2/10'}]",N/A,5.2,"1,746",tt8010342,series,,,,,True,1,
8,,,,,,,,,,,,,,,,,,,,,,,,,False,,Movie not found!
9,,,,,,,,,,,,,,,,,,,,,,,,,False,,Movie not found!
10,El Chapo,2017–,TV-MA,23 Apr 2017,43 min,"Crime, Drama",N/A,"Silvana Aguirre, Carlos Contreras","Marco de la O, Humberto Busto, Diego Vásquez, Juan Carlos Cruz","A look at the life of notorious drug kingpin, El Chapo, from his early days in the 1980s working for the Guadalajara Cartel, to his rise to power of during the '90s and his ultimate downfall in 2016.",Spanish,"Mexico, USA",1 win.,https://m.media-amazon.com/images/M/MV5BZjlhNjE5MTktMjk3Mi00MWE5LTkyMjEtOTQ2N2RkZjg3MzA2XkEyXkFqcGdeQXVyMTMxODk2OTU@._V1_SX300.jpg,"[{'Source': 'Internet Movie Database', 'Value': '7.8/10'}]",N/A,7.8,"12,621",tt6692188,series,,,,,True,3,
11,Welcome to the Family,2018–2019,TV-MA,22 Jan 2018,N/A,Comedy,N/A,"Pau Freixas, Ivan Mercadé","Melani Olivares, Ivan Massagué, Yolanda Ramos, Nao Albet","When an evicted single mom's estranged father dies, she and his second wife cover up his death after learning they've been written out of his will.",Catalan,Spain,N/A,https://m.media-amazon.com/images/M/MV5BMmI3NjM5ZjEtMTBmNC00M2VlLTg4NjktMzFiOTk0NGY5YmM5XkEyXkFqcGdeQXVyMTA0MjU0Ng@@._V1_SX300.jpg,"[{'Source': 'Internet Movie Database', 'Value': '6.7/10'}]",N/A,6.7,245,tt7490342,series,,,,,True,2,
12,The Bleeding Edge,2018,TV-14,27 Jul 2018,99 min,Documentary,Kirby Dick,"Kirby Dick, Amy Ziering (additional writing)","Robert Bridges, Angie Firmalino, Rita Redberg, Stephen Tower",A look at the unforeseen consequences of advanced technological devices used in the medical field.,English,"Australia, USA",2 wins & 2 nominations.,https://m.media-amazon.com/images/M/MV5BN2M4YWRkZDgtNjZlZC00YTJkLTk0Y2QtNDM4ODcyMzViNjAwXkEyXkFqcGdeQXVyMjk1MzI1ODA@._V1_SX300.jpg,"[{'Source': 'Internet Movie Database', 'Value': '7.7/10'}, {'Source': 'Rotten Tomatoes', 'Value': '100%'}, {'Source': 'Metacritic', 'Value': '74/100'}]",74,7.7,"1,919",tt8106576,movie,27 Jul 2018,N/A,Netflix,N/A,True,,
13,Extinction,2018,TV-MA,27 Jul 2018,95 min,"Action, Drama, Sci-Fi, Thriller",Ben Young,"Spenser Cohen (screenplay by), Brad Kane (screenplay by), Spenser Cohen (story by)","Michael Peña, Lizzy Caplan, Amelia Crouch, Erica Tremblay","A father has a recurring dream of losing his family. His nightmare turns into reality when the planet is invaded by a force bent on destruction. Fighting for their lives, he comes to realize an unknown strength to keep them safe from harm.",English,USA,1 win.,https://m.media-amazon.com/images/M/MV5BMTU5OTYzMzcwOF5BMl5BanBnXkFtZTgwNTkzMzk4NTM@._V1_SX300.jpg,"[{'Source': 'Internet Movie Database', 'Value': '5.8/10'}, {'Source': 'Rotten Tomatoes', 'Value': '39%'}, {'Source': 'Metacritic', 'Value': '40/100'}]",40,5.8,"41,623",tt3201640,movie,27 Jul 2018,N/A,Netflix,N/A,True,,
14,Smoking,2018–,N/A,20 Apr 2018,N/A,Crime,N/A,N/A,"Rin Furukawa, Ryo Ishibashi, Nobuaki Kaneko, Tomomi Maruyama","Seeking a greater justice, a band of homeless assassins flays their human targets and delivers the tattooed skins as proof of a contract fulfilled.",Japanese,Japan,N/A,https://m.media-amazon.com/images/M/MV5BMWE4MWYzNGItMDY5Zi00OGYyLThiNGEtZTMwMTgwYzhlMTQ0XkEyXkFqcGdeQXVyMjk1MzI1ODA@._V1_SX300.jpg,"[{'Source': 'Internet Movie Database', 'Value': '7.4/10'}]",N/A,7.4,176,tt8758778,series,,,,,True,1,
15,Catch and Release,2006,PG-13,26 Jan 2007,124 min,"Comedy, Drama, Romance",Susannah Grant,Susannah Grant,"Jennifer Garner, Timothy Olyphant, Sam Jaeger, Kevin Smith",A woman struggles to accept the death of her fiancé and the secrets he kept from her as she rebuilds her life.,English,USA,N/A,https://m.media-amazon.com/images/M/MV5BNTk2NjU1MjMyNV5BMl5BanBnXkFtZTcwMzc5NjE0MQ@@._V1_SX300.jpg,"[{'Source': 'Internet Movie Database', 'Value': '6.0/10'}, {'Source': 'Rotten Tomatoes', 'Value': '22%'}, {'Source': 'Metacritic', 'Value': '43/100'}]",43,6.0,"22,656",tt0395495,movie,08 May 2007,"$15,269,668",Sony Pictures Entertainment,N/A,True,,
16,Waterschool,2018,N/A,20 Jan 2018,N/A,Documentary,Tiffanie Hsu,N/A,N/A,"Six girls living along the Amazon, Nile, Mississippi, Danube, Ganges, and Yangtze rivers learn about water and sustainability and use their newfound education to protect their communities and homes.","English, Portuguese, Hindi, Mandarin, German","USA, Brazil, India, Uganda, China",N/A,https://m.media-amazon.com/images/M/MV5BYjRiODI2NGMtOTlkOS00YzU5LWEwNWYtMzVmODJiM2Y3YzQ1XkEyXkFqcGdeQXVyMTYyNDM3Nzc@._V1_SX300.jpg,"[{'Source': 'Internet Movie Database', 'Value': '6.0/10'}]",N/A,6.0,51,tt7974234,movie,N/A,N/A,N/A,N/A,True,,
17,Iliza: Elder Millennial,2018,TV-MA,24 Jul 2018,72 min,Comedy,Steve Paley,Iliza Shlesinger,"Hunter Hill, Iliza Shlesinger","Newly engaged comic Iliza Shlesinger dives into undeniable truths about life at age 35, the insanity of the road traveled and what's to come.",English,USA,N/A,https://m.media-amazon.com/images/M/MV5BNTE2ZmFmYTctOGQyNy00OGNkLTgxYWMtYTVlYzMyMzAyZGRiXkEyXkFqcGdeQXVyNzE3MDkxODc@._V1_SX300.jpg,"[{'Source': 'Internet Movie Database', 'Value': '7.2/10'}, {'Source': 'Rotten Tomatoes', 'Value': '60%'}]",N/A,7.2,"2,904",tt8697266,movie,24 Jul 2018,N/A,Netflix,N/A,True,,
18,,,,,,,,,,,,,,,,,,,,,,,,,False,,Movie not found!
19,The Devil and Father Amorth,2017,Not Rated,20 Apr 2018,68 min,"Documentary, Horror",William Friedkin,"William Friedkin, Mark Kermode","Gabriele Amorth, Robert Barron, William Friedkin",Father Gabriele Amorth performs his ninth exorcism on an Italian woman.,"English, Italian","Italy, USA",N/A,https://m.media-amazon.com/images/M/MV5BMjIxMTUyNjQ2NV5BMl5BanBnXkFtZTgwMDI0OTg5NDM@._V1_SX300.jpg,"[{'Source': 'Internet Movie Database', 'Value': '4.6/10'}, {'Source': 'Metacritic', 'Value': '46/100'}]",46,4.6,"1,570",tt6883152,movie,N/A,N/A,N/A,N/A,True,,
20,Lego House: Home of the Brick,2018,N/A,15 Jun 2018,47 min,Documentary,Anders Falck,N/A,Bjarke Ingels,"In Billund, Denmark, a nearly 130,000-square-foot house inspired by the iconic LEGO bricks is constructed, capturing the awe of kids of all ages.",English,N/A,1 win.,https://m.media-amazon.com/images/M/MV5BYTVjNzE1YzktN2VkZC00YTQxLTg1NjUtMWY5MmUwYTdkYjYxXkEyXkFqcGdeQXVyMjk1MzI1ODA@._V1_SX300.jpg,"[{'Source': 'Internet Movie Database', 'Value': '6.5/10'}]",N/A,6.5,242,tt8726442,movie,N/A,N/A,N/A,N/A,True,,
21,Merlin,2012–,N/A,27 Oct 2012,N/A,Fantasy,N/A,N/A,"Gérard Jugnot, Joséphine de Meaux, Marilou Berry, Arthur Molinier",N/A,French,France,N/A,https://m.media-amazon.com/images/M/MV5BMDMwZDAyYjItZTA1Ni00NTllLWIxNDEtMWI3NmU2ZjM3OTk3XkEyXkFqcGdeQXVyNDUxNjc5NjY@._V1_SX300.jpg,"[{'Source': 'Internet Movie Database', 'Value': '4.8/10'}]",N/A,4.8,32,tt4327780,series,,,,,True,N/A,
22,,,,,,,,,,,,,,,,,,,,,,,,,False,,Movie not found!
23,,,,,,,,,,,,,,,,,,,,,,,,,False,,Movie not found!
24,Amazing Interiors,2018–,TV-PG,20 Jul 2018,N/A,Documentary,N/A,Paul Woolf,"Wesley Cannon, Nicholas Laschkewitsch, Will Pemble, John Teall",Tours through houses with interesting and special interiors.,English,UK,N/A,https://m.media-amazon.com/images/M/MV5BNmI2YzI1ZDUtZDcxNS00ODQwLWIzMDgtOTMwMTg1MjhmMDJhXkEyXkFqcGdeQXVyMTMxODk2OTU@._V1_SX300.jpg,"[{'Source': 'Internet Movie Database', 'Value': '6.7/10'}]",N/A,6.7,524,tt8747342,series,,,,,True,1,
25,Father of the Year,2018,TV-14,20 Jul 2018,94 min,Comedy,Tyler Spindel,"Brandon Cournoyer, Tyler Spindel","David Spade, Nat Faxon, Joey Bragg, Matt Shively","Before NYC, college valedictorian Ben visits his trailer park loser dad. Same evening Ben argues with Larry about whose dad can kick the other dad's ass. Loser dad hears of this and tries to beat up doormat dad and chaos follows.",English,USA,N/A,https://m.media-amazon.com/images/M/MV5BNTMzNjE4NjE2MV5BMl5BanBnXkFtZTgwOTc1NjE4NTM@._V1_SX300.jpg,"[{'Source': 'Internet Movie Database', 'Value': '5.2/10'}, {'Source': 'Rotten Tomatoes', 'Value': '0%'}, {'Source': 'Metacritic', 'Value': '32/100'}]",32,5.2,"8,634",tt7256866,movie,20 Jul 2018,N/A,Netflix,N/A,True,,
26,Zoe,2018,R,20 Jul 2018,104 min,"Romance, Sci-Fi",Drake Doremus,"Richard Greenberg (screenplay by), Richard Greenberg (story by), Drake Doremus (story by)","Ewan McGregor, Léa Seydoux, Theo James, Rashida Jones",A story about how synthetic humans can feel and even love and how the people they are involved with react to this concept.,English,USA,N/A,https://m.media-amazon.com/images/M/MV5BMTA5Nzg2MjEzNjleQTJeQWpwZ15BbWU4MDk2MTE2NzUz._V1_SX300.jpg,"[{'Source': 'Internet Movie Database', 'Value': '6.1/10'}, {'Source': 'Rotten Tomatoes', 'Value': '32%'}, {'Source': 'Metacritic', 'Value': '39/100'}]",39,6.1,"6,641",tt6010628,movie,20 Jul 2018,N/A,Amazon Studios,N/A,True,,
27,Jimmy: The True Story of a True Idiot,2018–,N/A,20 Jul 2018,N/A,Comedy,N/A,N/A,"Akiyoshi Nakao, Tetsuji Tamayama, Hiroyuki Onoue, Seiji Rokkaku","In the 1980s, a simple-minded fool named Hideaki meets comedy legend Sanma, changes his name to Jimmy and becomes a comedic superstar.",Japanese,Japan,N/A,https://m.media-amazon.com/images/M/MV5BNTkyNTNmMGQtODU5My00YTU0LWE4ZjAtZWNhYjE0NmVlNDM2XkEyXkFqcGdeQXVyMTMxODk2OTU@._V1_SX300.jpg,"[{'Source': 'Internet Movie Database', 'Value': '6.6/10'}]",N/A,6.6,44,tt6866914,series,,,,,True,1,
28,Dark Tourist,2018–,TV-MA,20 Jul 2018,40 min,Documentary,N/A,N/A,David Farrier,"From a nuclear lake to a haunted forest, New Zealand filmmaker and journalist David Farrier ('Tickled') visits unusual -- and often macabre -- tourism spots around the world.",English,New Zealand,N/A,https://m.media-amazon.com/images/M/MV5BYTA3MTYyNmQtN2IxMC00ZjUxLTk5MzYtMTliNmM0NzY1MWE4XkEyXkFqcGdeQXVyNTAyODkwOQ@@._V1_SX300.jpg,"[{'Source': 'Internet Movie Database', 'Value': '7.6/10'}]",N/A,7.6,"4,674",tt8725166,series,,,,,True,1,
29,,,,,,,,,,,,,,,,,,,,,,,,,False,,Movie not found!
30,The Stranger,1946,Not Rated,01 Aug 1946,95 min,"Crime, Drama, Film-Noir, Mystery, Thriller",Orson Welles,"Anthony Veiller (screenplay), Victor Trivas (adaptation), Decla Dunning (adaptation), Victor Trivas (original story)","Edward G. Robinson, Loretta Young, Orson Welles, Philip Merivale",An investigator from the War Crimes Commission travels to Connecticut to find an infamous Nazi.,"English, Spanish, French",USA,Nominated for 1 Oscar. Another 1 nomination.,https://m.media-amazon.com/images/M/MV5BMTExMDAzMDM0NzZeQTJeQWpwZ15BbWU3MDk3ODIzNzQ@._V1_SX300.jpg,"[{'Source': 'Internet Movie Database', 'Value': '7.4/10'}, {'Source': 'Rotten Tomatoes', 'Value': '96%'}, {'Source': 'Metacritic', 'Value': '76/100'}]",76,7.4,"21,654",tt0038991,movie,08 Feb 2000,N/A,RKO Pictures,N/A,True,,
31,,,,,,,,,,,,,,,,,,,,,,,,,False,,Movie not found!
32,Camarón: Flamenco y revolución,2018,N/A,01 Jun 2018,104 min,Documentary,Alexis Morante,"Alexis Morante, Raúl Santos","Camarón de la Isla, Juan Diego",N/A,Spanish,Spain,N/A,https://m.media-amazon.com/images/M/MV5BYTVkZjM1N2UtZTM1My00NWY1LTgzZjQtY2RjMjUyZjA1NWI2XkEyXkFqcGdeQXVyMzI4Mjk0MzM@._V1_SX300.jpg,"[{'Source': 'Internet Movie Database', 'Value': '7.3/10'}]",N/A,7.3,143,tt8067306,movie,N/A,N/A,Lolita Films,N/A,True,,
33,,,,,,,,,,,,,,,,,,,,,,,,,False,,Movie not found!
34,Selfless,2015,N/A,N/A,N/A,Drama,N/A,Vinny Cuevas,N/A,"A man's loss leads to an inadvertent gain. But not without being introduced to the obstacles of humanity, and intricacy of equality.",N/A,USA,N/A,N/A,"[{'Source': 'Rotten Tomatoes', 'Value': '19%'}]",N/A,N/A,N/A,tt4621950,movie,10 Nov 2015,N/A,Focus Features,N/A,True,,
35,She's Out of My League,2010,R,12 Mar 2010,104 min,"Comedy, Romance",Jim Field Smith,"Sean Anders, John Morris","Jay Baruchel, Alice Eve, T.J. Miller, Mike Vogel","An average Joe meets the perfect woman, but his lack of confidence and the influence of his friends and family begin to pick away at the relationship.","English, Ukrainian",USA,1 nomination.,https://m.media-amazon.com/images/M/MV5BMTkwMTY5ODA1MF5BMl5BanBnXkFtZTcwODYyNzAxMw@@._V1_SX300.jpg,"[{'Source': 'Internet Movie Database', 'Value': '6.4/10'}, {'Source': 'Rotten Tomatoes', 'Value': '58%'}, {'Source': 'Metacritic', 'Value': '46/100'}]",46,6.4,"121,462",tt0815236,movie,22 Jun 2010,"$28,712,974",Paramount,N/A,True,,
36,The Joel McHale Show with Joel McHale,2018–,TV-MA,18 Feb 2018,30 min,Comedy,N/A,N/A,"Joel McHale, Paul Feig, Brad Stevens","Joel McHale, the snarky star of Community (2009), ridicules the silliest moments reality television, internet videos and TV from around the world have to offer. Each episode also features celebrity guests and a couple of sketches.",English,USA,N/A,https://m.media-amazon.com/images/M/MV5BYTBkMjcyY2EtOGFjNS00MDllLTk3MTktNzExNGY1NWRmZGU2XkEyXkFqcGdeQXVyMTMxODk2OTU@._V1_SX300.jpg,"[{'Source': 'Internet Movie Database', 'Value': '7.3/10'}]",N/A,7.3,"1,908",tt7895706,series,,,,,True,1,
37,Alive,1993,R,15 Jan 1993,120 min,"Adventure, Biography, Drama, Thriller",Frank Marshall,"Piers Paul Read (book), John Patrick Shanley (screenplay)","Ethan Hawke, Vincent Spano, Josh Hamilton, Bruce Ramsay",A Uruguayan rugby team stranded in the snow swept Andes are forced to use desperate measures to survive after a plane crash.,English,"USA, Canada",Nominated for 1 Primetime Emmy. Another 1 win & 1 nomination.,https://m.media-amazon.com/images/M/MV5BOGU2ZjkzNTAtMGE0NS00N2RmLTg5YWItMDA5NjM4OWJlNWM3XkEyXkFqcGdeQXVyMTQxNzMzNDI@._V1_SX300.jpg,"[{'Source': 'Internet Movie Database', 'Value': '7.1/10'}, {'Source': 'Rotten Tomatoes', 'Value': '59%'}]",N/A,7.1,"48,449",tt0106246,movie,08 Oct 2002,N/A,Buena Vista,N/A,True,,
38,Going for Gold,2018,Unrated,17 May 2018,93 min,"Drama, Family, Sport",Clay Glen,"Clay Glen, Kristian Leadbeater (additional story)","Kelli Berglund, Emily Morris, Terry Rogers, Ruth Natalie Fallon","Seventeen year old, Emma joins a high school cheerleading team when she moves to Australia with her dad who is a former Air Force Officer.",English,Australia,N/A,https://m.media-amazon.com/images/M/MV5BYTkyYTk3Y2UtNDEyYy00NjhiLThhMTQtMmM3ZTBkMDYwNWZhXkEyXkFqcGdeQXVyNTU0NDY1NTQ@._V1_SX300.jpg,"[{'Source': 'Internet Movie Database', 'Value': '4.7/10'}]",N/A,4.7,352,tt7104578,movie,N/A,N/A,Marvista Entertainment,N/A,True,,
39,Beauty and the Beast,1987–1990,TV-PG,05 Sep 1987,60 min,"Crime, Fantasy, Drama, Romance",N/A,Ron Koslow,"Ron Perlman, Roy Dotrice, Jay Acovone, Linda Hamilton","The adventures and romance of a sensitive and cultured lion-man and a crusading assistant district attorney in Manhattan, New York City.",English,USA,Won 1 Golden Globe. Another 11 wins & 34 nominations.,https://m.media-amazon.com/images/M/MV5BMzUzMjE4MDE2M15BMl5BanBnXkFtZTcwOTU2NjU0MQ@@._V1_SX300.jpg,"[{'Source': 'Internet Movie Database', 'Value': '7.0/10'}]",N/A,7.0,"5,872",tt0092319,series,,,,,True,3,
40,Flight,2012,R,02 Nov 2012,138 min,"Drama, Thriller",Robert Zemeckis,John Gatins,"Nadine Velazquez, Denzel Washington, Carter Cabassa, Adam C. Edwards","An airline pilot saves almost all his passengers on his malfunctioning airliner which eventually crashed, but an investigation into the accident reveals something troubling.",English,"USA, United Arab Emirates",Nominated for 2 Oscars. Another 15 wins & 43 nominations.,https://m.media-amazon.com/images/M/MV5BMTUxMjI1OTMxNl5BMl5BanBnXkFtZTcwNjc3NTY1OA@@._V1_SX300.jpg,"[{'Source': 'Internet Movie Database', 'Value': '7.3/10'}, {'Source': 'Rotten Tomatoes', 'Value': '77%'}, {'Source': 'Metacritic', 'Value': '76/100'}]",76,7.3,"312,619",tt1907668,movie,05 Feb 2013,"$89,400,000",Paramount Pictures,N/A,True,,
41,,,,,,,,,,,,,,,,,,,,,,,,,False,,Movie not found!
42,,,,,,,,,,,,,,,,,,,,,,,,,False,,Movie not found!
43,Jim Jefferies: This Is Me Now,2018,TV-MA,13 Jul 2018,70 min,Comedy,Scott Zabielski,Jim Jefferies,Jim Jefferies,"The gleefully irreverent Jefferies skewers ""grabby"" celebrities, political hypocrisy and his own ill-advised career moves in a brash stand-up special.",English,USA,N/A,https://m.media-amazon.com/images/M/MV5BMzAxZDNlMmEtYjk2Ny00YzRjLTkwOTQtMDNkYmExMDZhNGNhXkEyXkFqcGdeQXVyMTMxODk2OTU@._V1_SX300.jpg,"[{'Source': 'Internet Movie Database', 'Value': '7.3/10'}]",N/A,7.3,"3,046",tt8617844,movie,13 Jul 2018,N/A,Netflix,N/A,True,,
44,How It Ends,2018,TV-MA,13 Jul 2018,113 min,"Action, Adventure, Drama, Mystery, Sci-Fi, Thriller",David M. Rosenthal,Brooks McLaren,"Theo James, Kat Graham, Nancy Sorel, Nicole Ari Parker",A desperate man tries to return home to his pregnant fiancée after a mysterious apocalyptic event turns everything to chaos.,English,USA,3 nominations.,https://m.media-amazon.com/images/M/MV5BMjMwOTg0MzU4MV5BMl5BanBnXkFtZTgwODk2NjY3NTM@._V1_SX300.jpg,"[{'Source': 'Internet Movie Database', 'Value': '5.0/10'}, {'Source': 'Rotten Tomatoes', 'Value': '17%'}, {'Source': 'Metacritic', 'Value': '36/100'}]",36,5.0,"40,325",tt5246700,movie,13 Jul 2018,N/A,Netflix,N/A,True,,
45,Romina,2018,N/A,13 Jul 2018,77 min,"Horror, Thriller",Diego Cohen,"Diego Cohen (story), Diego Cohen","Francisca Lozano, Arantza Ruiz, Oliver Nava, Claudia Zepeda",A shocking assault inspires horrific violence when a group of teens encounters a girl from their school while camping in a remote spot.,Spanish,Mexico,1 nomination.,https://m.media-amazon.com/images/M/MV5BODE1YjJlYTAtYmJmYy00ZjNlLWE1MTUtNmM5MmRmMDgyMDNkL2ltYWdlL2ltYWdlXkEyXkFqcGdeQXVyMTYxMTQ4MTU@._V1_SX300.jpg,"[{'Source': 'Internet Movie Database', 'Value': '2.2/10'}]",N/A,2.2,"1,628",tt6090044,movie,N/A,N/A,N/A,N/A,True,,
46,Inferno,2016,PG-13,28 Oct 2016,121 min,"Action, Crime, Drama, Mystery, Thriller",Ron Howard,"Dan Brown (based in part on the novel by), David Koepp (screenplay by)","Tom Hanks, Felicity Jones, Omar Sy, Irrfan Khan","When Robert Langdon wakes up in an Italian hospital with amnesia, he teams up with Dr. Sienna Brooks, and together they must race across Europe against the clock to foil a deadly global plot.","English, French, Italian, Turkish","USA, Hungary",4 wins & 1 nomination.,https://m.media-amazon.com/images/M/MV5BMTUzNTE2NTkzMV5BMl5BanBnXkFtZTgwMDAzOTUyMDI@._V1_SX300.jpg,"[{'Source': 'Internet Movie Database', 'Value': '6.2/10'}, {'Source': 'Rotten Tomatoes', 'Value': '23%'}, {'Source': 'Metacritic', 'Value': '42/100'}]",42,6.2,"147,825",tt3062096,movie,24 Jan 2017,"$34,307,024",Sony Pictures,N/A,True,,
47,Fury,2014,R,17 Oct 2014,134 min,"Action, Drama, War",David Ayer,David Ayer,"Brad Pitt, Shia LaBeouf, Logan Lerman, Michael Peña","A grizzled tank commander makes tough decisions as he and his crew fight their way across Germany in April, 1945.","English, German","USA, China, UK",5 wins & 23 nominations.,https://m.media-amazon.com/images/M/MV5BMjA4MDU0NTUyN15BMl5BanBnXkFtZTgwMzQxMzY4MjE@._V1_SX300.jpg,"[{'Source': 'Internet Movie Database', 'Value': '7.6/10'}, {'Source': 'Rotten Tomatoes', 'Value': '76%'}, {'Source': 'Metacritic', 'Value': '64/100'}]",64,7.6,"403,270",tt2713180,movie,27 Jan 2015,"$72,609,225",Sony Pictures,N/A,True,,
48,Baby Ballroom,2017–,N/A,27 Apr 2017,60 min,Documentary,N/A,N/A,"Kim Hillyard, Jane Bullock, Warren Bullock","Documentary series going behind the scenes at the Zig Zag Dance Factory in Wolverhampton, England run by coaches Warren Bullock and Jane Bullock.",English,UK,N/A,https://m.media-amazon.com/images/M/MV5BZDE5MzE3NGYtYjE1NC00NWMzLWJlODktNzk5MGQ1NWIyM2E4XkEyXkFqcGdeQXVyODc3Mjc1NzE@._V1_SX300.jpg,"[{'Source': 'Internet Movie Database', 'Value': '8.0/10'}]",N/A,8.0,105,tt8159960,series,,,,,True,2,
49,Drug Lords,2018–,TV-MA,19 Jan 2018,42 min,Documentary,N/A,N/A,"Quinn Dalton, Jordan Lawson, Razor Rocco Rizzotti, Winter Dunn",Documentary series examining drug cartels and kingpins from around the world.,English,USA,N/A,https://m.media-amazon.com/images/M/MV5BMzQxYzZiN2QtNTA2ZC00YWVmLWE3ZjYtNDM2OTZjNDRmNDIzXkEyXkFqcGdeQXVyMTMxODk2OTU@._V1_SX300.jpg,"[{'Source': 'Internet Movie Database', 'Value': '6.8/10'}]",N/A,6.8,852,tt7935522,series,,,,,True,2,
50,Dark Net,2016–,TV-MA,21 Jan 2016,30 min,Documentary,N/A,Mati Kochavi,"Lauren Terp, Kristie, Drew, Anisha Vora","Explores the furthest reaches of the internet and the people who frequently use it, providing a revealing and cautionary look inside a vast cyber netherworld.",English,USA,1 win.,https://m.media-amazon.com/images/M/MV5BMTgxODgxMjI5N15BMl5BanBnXkFtZTgwMDc4MDc5NzE@._V1_SX300.jpg,"[{'Source': 'Internet Movie Database', 'Value': '7.1/10'}]",N/A,7.1,"1,333",tt5397520,series,,,,,True,2,
51,First Team: Juventus,2018–,N/A,16 Feb 2018,40 min,"Reality-TV, Sport",N/A,N/A,"Massimiliano Allegri, Andrea Barzagli, Mehdi Benatia, Federico Bernardeschi",Follow renowned soccer club Juventus on and off the pitch as they attempt to win a seventh straight Italian title and achieve Champions League glory.,Italian,USA,N/A,https://m.media-amazon.com/images/M/MV5BMWUyYWEzNjYtOTRiYS00ZDg0LThjYWYtYTFjOTc0ODExYjQ3XkEyXkFqcGdeQXVyMTMxODk2OTU@._V1_SX300.jpg,"[{'Source': 'Internet Movie Database', 'Value': '7.5/10'}]",N/A,7.5,"1,454",tt7924812,series,,,,,True,N/A,
52,Somebody Feed Phil,2018–,N/A,12 Jan 2018,60 min,Documentary,N/A,N/A,"Philip Rosenthal, Monica Horan",Phil travels around the world sampling food and tradition with friends and a sense of humor.,English,USA,N/A,https://m.media-amazon.com/images/M/MV5BNTQwOWZiODUtMWI5Zi00OTg5LTg2MzgtZDgzNDQwOGExYWU4XkEyXkFqcGdeQXVyNTAyODkwOQ@@._V1_SX300.jpg,"[{'Source': 'Internet Movie Database', 'Value': '8.1/10'}]",N/A,8.1,"1,648",tt7752034,series,,,,,True,2,
53,Bring It On,2000,PG-13,25 Aug 2000,98 min,"Comedy, Romance, Sport",Peyton Reed,Jessica Bendinger,"Kirsten Dunst, Eliza Dushku, Jesse Bradford, Gabrielle Union",A champion high school cheerleading squad discovers its previous captain stole all their best routines from an inner-city school and must scramble to compete at this year's championships.,English,USA,2 wins & 7 nominations.,https://m.media-amazon.com/images/M/MV5BNjhiMjk1YWYtMjgyYy00YTFhLTk0NTMtN2Q5MDZjMWEyYWI1XkEyXkFqcGdeQXVyMTQxNzMzNDI@._V1_SX300.jpg,"[{'Source': 'Internet Movie Database', 'Value': '6.0/10'}, {'Source': 'Rotten Tomatoes', 'Value': '63%'}, {'Source': 'Metacritic', 'Value': '52/100'}]",52,6.0,"83,833",tt0204946,movie,13 Feb 2001,"$67,905,760",Universal Pictures,N/A,True,,
54,White Fang,2018,N/A,06 Jul 2018,85 min,"Animation, Adventure",Alexandre Espigares,"Jack London (original novel), Philippe Lioret (scenario,  adaptation and dialogue), Serge Frydman (scenario,  adaptation and dialogue), Dominique Monfery (scenario,  adaptation and dialogue)","Raphaël Personnaz, Virginie Efira, Dominique Pinon, Frantz Confiac",Based on the timeless novel by Jack London. A loyal wolfdog's curiosity leads him on the adventure of a lifetime while serving a series of three distinctly different masters.,"French, English","France, Luxembourg, USA",1 win & 4 nominations.,https://m.media-amazon.com/images/M/MV5BMTYwNTA2ODMxNF5BMl5BanBnXkFtZTgwNzE1NzU2NjM@._V1_SX300.jpg,"[{'Source': 'Internet Movie Database', 'Value': '6.9/10'}, {'Source': 'Metacritic', 'Value': '61/100'}]",61,6.9,"2,538",tt5222768,movie,N/A,N/A,N/A,N/A,True,,
55,,,,,,,,,,,,,,,,,,,,,,,,,False,,Movie not found!
56,The Legacy of a Whitetail Deer Hunter,2018,TV-14,06 Jul 2018,83 min,"Comedy, Drama",Jody Hill,"Jody Hill, Danny McBride, John Carcieri","Josh Brolin, Danny McBride, Montana Jordan, Scoot McNairy",The great hunter Buck Ferguson (Josh Brolin) and his trusted cameraman Don (Danny McBride) set out for an epic weekend adventure to reconnect with Buck's young son (Montana Jordan).,English,USA,N/A,https://m.media-amazon.com/images/M/MV5BMjM3MjY1MzMzOF5BMl5BanBnXkFtZTgwOTI5MDU4NTM@._V1_SX300.jpg,"[{'Source': 'Internet Movie Database', 'Value': '5.5/10'}, {'Source': 'Rotten Tomatoes', 'Value': '30%'}, {'Source': 'Metacritic', 'Value': '49/100'}]",49,5.5,"3,095",tt4762824,movie,06 Jul 2018,N/A,Netflix,N/A,True,,
57,,,,,,,,,,,,,,,,,,,,,,,,,False,,Movie not found!
58,What We Started,2017,N/A,23 Mar 2018,94 min,Documentary,"Bert Marcus, Cyrus Saidi","Bert Marcus, Cyrus Saidi","Steve Angello, Carl Cox, Chip Eberhart, Martin Garrix","DJs, producers, and promoters discuss the history and state of electronic dance music.",English,USA,N/A,https://m.media-amazon.com/images/M/MV5BMjY3MmYzZjAtYjM0NC00MWQ5LWE2NzQtY2VlZWM0NGEyMjA0XkEyXkFqcGdeQXVyMTY1NjUwMjA@._V1_SX300.jpg,"[{'Source': 'Internet Movie Database', 'Value': '7.5/10'}, {'Source': 'Metacritic', 'Value': '51/100'}]",51,7.5,902,tt6191876,movie,N/A,N/A,N/A,N/A,True,,
59,Anohana: The Flower We Saw That Day,2011,TV-PG,14 Apr 2011,23 min,"Animation, Adventure, Drama, Fantasy, Mystery, Romance",N/A,N/A,"Miyu Irino, Ai Kayano, Haruka Tomatsu, Takahiro Sakurai","Five childhood companions reunite when the ghost of their dead friends appears, and demands they grant her final wish.","Japanese, English",Japan,2 nominations.,https://m.media-amazon.com/images/M/MV5BYmQ5Y2RiOTAtMzg2Ni00MzE0LWE0NTItNzExNmMzOGQyY2NjL2ltYWdlXkEyXkFqcGdeQXVyMzgxODM4NjM@._V1_SX300.jpg,"[{'Source': 'Internet Movie Database', 'Value': '8.2/10'}]",N/A,8.2,"7,331",tt1913273,series,,,,,True,1,
60,Meester Kikker,2016,Not Rated,28 Jul 2016,86 min,Family,Anna van der Heide,"Mieke de Jong (screenplay), Mieke de Jong, Paul van Loon (based on the book: of the same name by), Paul van Loon","Yenthe Bos, Bobby van Vleuten, Jeroen Spitzenberger, Wine Dierickx",The classroom is astonished when their teacher tells them his big secret: sometimes he turns into a frog. Two kids see it as their task to protect his secret.. and to keep him out of the beak of a stork.,"Dutch, German",Netherlands,2 wins & 1 nomination.,https://m.media-amazon.com/images/M/MV5BYmI2OTk1ODItZmIxYy00ODIyLWEyNjktOWFmYTkwZTNjNjc2XkEyXkFqcGdeQXVyMTkxODQ4MDg@._V1_SX300.jpg,"[{'Source': 'Internet Movie Database', 'Value': '6.2/10'}]",N/A,6.2,245,tt4923200,movie,N/A,N/A,N/A,N/A,True,,
61,Erased,2017,TV-14,15 Dec 2017,30 min,"Drama, Fantasy, Mystery, Sci-Fi, Thriller",N/A,N/A,"Yûki Furukawa, Tomoka Kurotani, Reo Uchikawa, Brenda Joan Wong","After finding his mom killed, Satoru's time-traveling ability takes him back 18 years for a chance to prevent her death and those of three classmates.",Japanese,Japan,N/A,https://m.media-amazon.com/images/M/MV5BYzliNDYxYWEtZTJiZi00YzQ3LWJlMTMtMDkzOWNhMGI1ZTVjXkEyXkFqcGdeQXVyMzgxODM4NjM@._V1_SX300.jpg,"[{'Source': 'Internet Movie Database', 'Value': '7.9/10'}]",N/A,7.9,"2,373",tt7573686,series,,,,,True,1,
62,Shot Caller,2017,R,18 Aug 2017,121 min,"Crime, Drama, Thriller",Ric Roman Waugh,Ric Roman Waugh,"Nikolaj Coster-Waldau, Omari Hardwick, Lake Bell, Jon Bernthal",A newly released prisoner is forced by the leaders of his gang to orchestrate a major crime with a brutal rival gang on the streets of Southern California.,English,USA,1 nomination.,https://m.media-amazon.com/images/M/MV5BMGY0YTM3MjItZmExMy00NDgyLThjNzUtZWQ1MzY2NGRmMjZhXkEyXkFqcGdeQXVyMzYyMzE1NjA@._V1_SX300.jpg,"[{'Source': 'Internet Movie Database', 'Value': '7.3/10'}, {'Source': 'Rotten Tomatoes', 'Value': '67%'}, {'Source': 'Metacritic', 'Value': '59/100'}]",59,7.3,"65,402",tt4633690,movie,17 Oct 2017,N/A,Saban Films,N/A,True,,
63,Sweet Virginia,2017,R,30 Nov 2017,93 min,"Drama, Thriller",Jamie M. Dagg,"Paul China, Benjamin China","Jon Bernthal, Christopher Abbott, Imogen Poots, Rosemarie DeWitt",A former rodeo champ befriends a young man with a propensity for violence.,English,Canada,2 nominations.,https://m.media-amazon.com/images/M/MV5BMjA4NzE0NjQ5NF5BMl5BanBnXkFtZTgwODE0MzIxNDM@._V1_SX300.jpg,"[{'Source': 'Internet Movie Database', 'Value': '6.2/10'}, {'Source': 'Rotten Tomatoes', 'Value': '78%'}, {'Source': 'Metacritic', 'Value': '72/100'}]",72,6.2,"7,436",tt2582498,movie,03 Apr 2018,"$5,183",IFC Films,N/A,True,,
64,Duck Butter,2018,Not Rated,27 Apr 2018,93 min,"Comedy, Drama, Romance",Miguel Arteta,"Miguel Arteta, Alia Shawkat","Alia Shawkat, Laia Costa, Mae Whitman, Hong Chau","Two women, who are dissatisfied with the dishonesty they see in dating and relationships, decide to make a pact to spend 24 hours together hoping to find a new way to create intimacy.","English, Catalan, Spanish",USA,N/A,https://m.media-amazon.com/images/M/MV5BMTU4MTMxMTM4NV5BMl5BanBnXkFtZTgwNjAzNjAxNTM@._V1_SX300.jpg,"[{'Source': 'Internet Movie Database', 'Value': '5.2/10'}, {'Source': 'Rotten Tomatoes', 'Value': '57%'}, {'Source': 'Metacritic', 'Value': '58/100'}]",58,5.2,"2,283",tt6958014,movie,01 May 2018,N/A,The Orchard,N/A,True,,
65,Your Lie in April,2014–2015,TV-PG,01 Sep 2014,23 min,"Animation, Drama, Music, Romance",N/A,N/A,"Natsuki Hanae, Risa Taneda, Ayane Sakura, Ryôta Ôsaka",A piano prodigy who lost his ability to play after suffering a traumatic event in his childhood is forced back into the spotlight by an eccentric girl with a secret of her own.,Japanese,Japan,2 wins & 1 nomination.,https://m.media-amazon.com/images/M/MV5BZjE0N2FhZDMtZTM0OS00ZGMyLWFhODItOGVmYzU0Yjg4ZWFlXkEyXkFqcGdeQXVyMTMxODk2OTU@._V1_SX300.jpg,"[{'Source': 'Internet Movie Database', 'Value': '8.6/10'}]",N/A,8.6,"11,711",tt3895150,series,,,,,True,1,
66,The Redeemed and the Dominant: Fittest on Earth,2018,N/A,23 Mar 2018,119 min,Documentary,"Heber Cannon, Mariah Moore, Marston Sawyers","Heber Cannon, Mariah Moore, Marston Sawyers","Justin Bergh, Dave Castro, Katrin Tanja Davidsdottir, Brent Fikowski","In 2017 the fittest athletes on Earth took on the unknown and unknowable during four of the most intense days of competition in CrossFit Games history. ""The Redeemed and the Dominant: ...",English,USA,N/A,https://m.media-amazon.com/images/M/MV5BYTI3N2FhMjEtYzE0MC00ZDcyLTllMWMtNzI4OWNjMWFiNmI0XkEyXkFqcGdeQXVyNTM3MDMyMDQ@._V1_SX300.jpg,"[{'Source': 'Internet Movie Database', 'Value': '7.1/10'}]",N/A,7.1,878,tt8144778,movie,23 Mar 2018,N/A,Gravitas Ventures,N/A,True,,
67,,,,,,,,,,,,,,,,,,,,,,,,,False,,Movie not found!
68,Hondros,2017,N/A,21 Apr 2017,90 min,"Documentary, Biography, War",Greg Campbell,"Greg Campbell, Jenny Golden","Pancho Bernasconi, Greg Campbell, Chris Hondros, Justin Merriman",HONDROS follows the life and career of famous war photographer Chris Hondros by exploring the poignant and often surprising stories behind this award-winning photojournalist's best-known ...,English,"Iraq, Libya, Liberia, USA",N/A,https://m.media-amazon.com/images/M/MV5BMTZkNjFlMjEtMDQ3Mi00MDc5LTllNzUtZjI2NGI4MjI3YjNmXkEyXkFqcGdeQXVyNjEyNzA4Mjc@._V1_SX300.jpg,"[{'Source': 'Internet Movie Database', 'Value': '7.5/10'}, {'Source': 'Metacritic', 'Value': '68/100'}]",68,7.5,269,tt3468316,movie,N/A,N/A,N/A,N/A,True,,
69,Dream Big: Engineering Our World,2017,N/A,04 Sep 2017,42 min,"Documentary, Short",Greg MacGillivray,N/A,"Jeff Bridges, Jesus Cris Acosta, Steve Burrows, Christian Collier","From the Great Wall of China and the world's tallest buildings to underwater robots, solar cars and smart, sustainable cities, DREAM BIG celebrates the human ingenuity behind engineering marvels.",English,USA,2 wins & 1 nomination.,https://m.media-amazon.com/images/M/MV5BMzI1MWJhOGItNTA2Yy00ZWY5LWE5N2QtZjhjZDQxNzYzNGYxXkEyXkFqcGdeQXVyNzIyMDA5MTk@._V1_SX300.jpg,"[{'Source': 'Internet Movie Database', 'Value': '6.4/10'}, {'Source': 'Rotten Tomatoes', 'Value': '100%'}]",N/A,6.4,325,tt6484086,movie,24 Jul 2018,N/A,N/A,N/A,True,,
70,Bo Burnham: what.,2013,TV-MA,18 Dec 2013,60 min,"Comedy, Music","Bo Burnham, Christopher Storer",Bo Burnham,Bo Burnham,"A musical stand-up comedy show by Bo Burnham, the famous internet musician.",English,USA,N/A,https://m.media-amazon.com/images/M/MV5BZWI1YmY1YjctNTU3MS00MDFhLTkzNjUtMDgyYTEwYTkxZWJhXkEyXkFqcGdeQXVyMTMxODk2OTU@._V1_SX300.jpg,"[{'Source': 'Internet Movie Database', 'Value': '8.5/10'}]",N/A,8.5,"6,312",tt3210258,movie,N/A,N/A,N/A,N/A,True,,
71,,,,,,,,,,,,,,,,,,,,,,,,,False,,Movie not found!
72,,,,,,,,,,,,,,,,,,,,,,,,,False,,Movie not found!
73,Puella Magi Madoka Magica,2011,TV-14,06 Jan 2011,24 min,"Animation, Drama, Fantasy, Mystery, Thriller",N/A,N/A,"Aoi Yûki, Chiwa Saitô, Emiri Kato, Christine Marie Cabanos","A creature named Kyubey offers Madoka and Sayaka a wish if they agree to become 'magical girls' and fight abstract beings called 'witches'. However, a magical girl named Homura is, for uncertain reasons, determined to stop this agreement.",Japanese,Japan,3 wins & 2 nominations.,https://m.media-amazon.com/images/M/MV5BZGYyZDlhY2YtMmYwNC00YjM3LWEwZDEtMTRhOWI5NDViM2NlXkEyXkFqcGdeQXVyMjk0NTE0NA@@._V1_SX300.jpg,"[{'Source': 'Internet Movie Database', 'Value': '8.3/10'}]",N/A,8.3,"6,318",tt1773185,series,,,,,True,1,
74,That's My Boy,2012,R,15 Jun 2012,116 min,Comedy,Sean Anders,David Caspe,"Adam Sandler, Andy Samberg, Leighton Meester, Vanilla Ice","While in his teens, Donny fathered a son, Todd, and raised him as a single parent until Todd's 18th birthday. Now Donny resurfaces just before Todd's wedding after years apart, sending the groom-to-be's world crashing down.",English,USA,5 wins & 10 nominations.,https://m.media-amazon.com/images/M/MV5BMTM3NDMyNzgzMV5BMl5BanBnXkFtZTcwMjIyMTA1Nw@@._V1_SX300.jpg,"[{'Source': 'Internet Movie Database', 'Value': '5.5/10'}, {'Source': 'Metacritic', 'Value': '31/100'}]",31,5.5,"86,817",tt1232200,movie,N/A,N/A,N/A,N/A,True,,
75,The Feels,2018–,N/A,21 Apr 2018,N/A,Animation,N/A,"Linda Dianne, Sky Gaven, Sam Viloria","Alyssa Aure, Ariel Cornejo-Cabrales","Children can feel angry, jealous, excited, sad, silly, frustrated, happy and worried. Often times, young children lack the language skills to express their feelings. Created and developed ...",English,USA,N/A,https://m.media-amazon.com/images/M/MV5BYzdjZTQ5ODEtNTdlNi00ODNlLWJhMjgtYTI4ZGVjZTdlNDgxXkEyXkFqcGdeQXVyODc3MjMxMjg@._V1_SX300.jpg,[],N/A,N/A,N/A,tt8385958,series,,,,,True,N/A,
76,,,,,,,,,,,,,,,,,,,,,,,,,False,,Movie not found!
77,,,,,,,,,,,,,,,,,,,,,,,,,False,,Movie not found!
78,Your Anime Sucks: Sword Art Online II,2014–2015,N/A,21 Oct 2014,N/A,Animation,N/A,N/A,Conrad Collins,Across 4 episodes Digibro (Conrad Collins) explains to the world where his irrational hatred for Sword Art Online comes from.,English,USA,N/A,https://m.media-amazon.com/images/M/MV5BNDZjZWMxNjItMGI0Yy00MzA1LTg0OGMtOTc1MmEzMDQwZTk2L2ltYWdlL2ltYWdlXkEyXkFqcGdeQXVyNjg4NzY5ODc@._V1_SX300.jpg,"[{'Source': 'Internet Movie Database', 'Value': '7.3/10'}]",N/A,7.3,43,tt8183792,series,,,,,True,N/A,
79,Fate/Grand Order: First Order,2016,N/A,31 Dec 2016,74 min,Animation,Hitoshi Nanba,"Kinoko Nasu (original story), Ayumi Sekine (screenplay)","Kari Wahlgren, Erica Mendez, Kira Buckland, Abby Trott","It is the year 2015, the final era over which magic still held sway. Caldea is an organization established to observe the magical world and the world of science - as well as to prevent the ...",Japanese,Japan,2 nominations.,https://m.media-amazon.com/images/M/MV5BNTU0ZTJhYmItYjYwNS00NWIxLWJjNzAtOWE1YTVmN2I4NzgyL2ltYWdlL2ltYWdlXkEyXkFqcGdeQXVyNjgzODc4OTE@._V1_SX300.jpg,"[{'Source': 'Internet Movie Database', 'Value': '5.5/10'}]",N/A,5.5,526,tt6213810,movie,N/A,N/A,N/A,N/A,True,,
80,Charlotte,2015–2016,TV-PG,01 Jul 2015,24 min,"Animation, Drama, Fantasy",N/A,N/A,"Koki Uchiyama, Ayane Sakura, Momo Asakura, Takahiro Mizushima","The story takes place in an alternate reality where a small percentage of children manifest superhuman abilities upon reaching puberty. A focus is placed on Yuu Otosaka, a high school boy who awakens the ability to temporarily possess others, which brings him to the attention of Nao Tomori, the student council president of a school founded as a haven for children with such abilities.",Japanese,Japan,1 nomination.,https://m.media-amazon.com/images/M/MV5BNDYwNjdjYjktOWMyYS00NmNlLTgwYWItYzNjZGNmNjFjNDk2L2ltYWdlXkEyXkFqcGdeQXVyMzgxODM4NjM@._V1_SX300.jpg,"[{'Source': 'Internet Movie Database', 'Value': '7.5/10'}]",N/A,7.5,"2,909",tt4574736,series,,,,,True,1,
81,The Maus,2017,N/A,02 Mar 2018,90 min,"Drama, Fantasy",Yayo Herrero,Yayo Herrero,"August Wittgenstein, Alma Terzic, Ella Jazz, Aleksandar Seksan",Alex and Selma are a couple in love on a trip to the heart of Bosnia and Herzegovina to discover more about each other. Lost and seemingly surrounded by land mines a pair of locals offer to guide them home.,"English, Bosnian",Spain,2 wins & 5 nominations.,https://m.media-amazon.com/images/M/MV5BY2E4ZTZjMTEtYTU3Ni00NDQ1LTlmOTctNjNjYTEzYWM3NzEyXkEyXkFqcGdeQXVyMjUxOTUyOTI@._V1_SX300.jpg,"[{'Source': 'Internet Movie Database', 'Value': '5.6/10'}]",N/A,5.6,"3,512",tt5586362,movie,N/A,N/A,N/A,N/A,True,,
82,Churchill's Secret Agents: The New Recruits,2018,N/A,09 Apr 2018,60 min,"Documentary, History",N/A,N/A,"Douglas Henshall, Debbey Clitheroe, Robert Copsey, William Beresford Davies","Immersive history series focusing on one of World War II's most covert organisations, Britain's Special Operations Executive. A group of modern-day volunteers undertake the SOE agent training programme.",English,UK,N/A,https://m.media-amazon.com/images/M/MV5BMjlmYWJmNTMtOTE5YS00NmJjLWIyYTEtNmRlNTU5NzEyMTA5XkEyXkFqcGdeQXVyMTMxODk2OTU@._V1_SX300.jpg,"[{'Source': 'Internet Movie Database', 'Value': '7.7/10'}]",N/A,7.7,324,tt8268994,series,,,,,True,N/A,
83,Calibre,2018,TV-MA,29 Jun 2018,101 min,"Drama, Thriller",Matt Palmer,Matt Palmer,"Jack Lowden, Martin McCann, Tony Curran, Ian Pirie",A shocking deed turned their weekend trip into a nightmare. Now their only hope is to swallow their paranoia and act normal.,English,UK,2 wins & 7 nominations.,https://m.media-amazon.com/images/M/MV5BMWJmNmRjYzgtNDk0ZC00ZDk5LTkyNGItMDY5OWU4MjU4ZTExXkEyXkFqcGdeQXVyMTA5MzEzOTg@._V1_SX300.jpg,"[{'Source': 'Internet Movie Database', 'Value': '6.7/10'}, {'Source': 'Rotten Tomatoes', 'Value': '95%'}, {'Source': 'Metacritic', 'Value': '76/100'}]",76,6.7,"18,221",tt6218358,movie,29 Jun 2018,N/A,Netflix,N/A,True,,
84,Tau,2018,R,29 Jun 2018,97 min,"Sci-Fi, Thriller",Federico D'Alessandro,Noga Landau,"Maika Monroe, Ed Skrein, Gary Oldman, Fiston Barek","A woman is held captive by a scientist in a futuristic smart house, and hopes to escape by reasoning with the Artificial Intelligence that controls the house.",English,USA,1 nomination.,https://m.media-amazon.com/images/M/MV5BNmYzYWNhYWQtNjg0MS00NWU5LTgyZGUtYzViNjgwY2NjY2YwXkEyXkFqcGdeQXVyNjYzMzU4OTg@._V1_SX300.jpg,"[{'Source': 'Internet Movie Database', 'Value': '5.8/10'}, {'Source': 'Rotten Tomatoes', 'Value': '25%'}, {'Source': 'Metacritic', 'Value': '43/100'}]",43,5.8,"23,406",tt4357394,movie,29 Jun 2018,N/A,Addictive Pictures,N/A,True,,
85,Kiss Me First,2018,TV-MA,29 Jun 2018,46 min,"Drama, Mystery, Thriller",N/A,N/A,"Tallulah Haddon, Simona Brown, Matthew Beard, Freddie Stewart",A lonely video game addict new to the online world of Azana meets a confident party girl with a dark secret.,English,"UK, USA",N/A,https://m.media-amazon.com/images/M/MV5BYjdiYWRlYmYtMDc3MS00YzFiLWFjOTMtYTczYzY1NTMyZGRjXkEyXkFqcGdeQXVyOTQyOTI5MTE@._V1_SX300.jpg,"[{'Source': 'Internet Movie Database', 'Value': '6.3/10'}]",N/A,6.3,"2,998",tt5730690,series,,,,,True,1,
86,Recovery Boys,2018,N/A,29 Jun 2018,89 min,Documentary,Elaine McMillion Sheldon,N/A,N/A,"In the heart of America's opioid epidemic, four men attempt to reinvent their lives and reenter society sober after years of drug abuse. Recovery Boys, from Academy Award nominated director...",English,USA,N/A,https://m.media-amazon.com/images/M/MV5BOTE1NTk2NDAtMTU2OC00NGIzLWI2MmUtN2MwNDRlODdjM2RlXkEyXkFqcGdeQXVyMTMxODk2OTU@._V1_SX300.jpg,"[{'Source': 'Internet Movie Database', 'Value': '6.5/10'}, {'Source': 'Rotten Tomatoes', 'Value': '100%'}]",N/A,6.5,530,tt8167872,movie,29 Jun 2018,N/A,N/A,N/A,True,,
87,,,,,,,,,,,,,,,,,,,,,,,,,False,,Movie not found!
88,,,,,,,,,,,,,,,,,,,,,,,,,False,,Movie not found!
89,Birthmarked,2018,N/A,30 Mar 2018,90 min,Comedy,Emanuel Hoss-Desmarais,"Marc Tulin, Marc Tulin (story), Emanuel Hoss-Desmarais (story)","Matthew Goode, Toni Collette, Andreas Apergis, Jordan Poole",Two scientists raise 3 children contrarily to their genetic tendencies to prove the ultimate power of nurture over nature.,English,Canada,3 wins & 2 nominations.,https://m.media-amazon.com/images/M/MV5BMTY3NzE5NzU2Nl5BMl5BanBnXkFtZTgwMTIzMzc4NDM@._V1_SX300.jpg,"[{'Source': 'Internet Movie Database', 'Value': '5.7/10'}, {'Source': 'Rotten Tomatoes', 'Value': '12%'}, {'Source': 'Metacritic', 'Value': '44/100'}]",44,5.7,"2,536",tt4702826,movie,N/A,N/A,Vertical Entertainment,N/A,True,,
90,W. Kamau Bell: Private School Negro,2018,N/A,26 Jun 2018,65 min,Comedy,Shannon Hartman,W. Kamau Bell,W. Kamau Bell,"Activist and comedian W. Kamau Bell muses on parenting in the Trump era, ""free speech"" dustups, woke children's TV and his fear of going off the grid.",English,USA,N/A,https://m.media-amazon.com/images/M/MV5BZDBkYTg1OWEtNjUwZC00YzhkLWI5MDUtMjA5Yzk2MzQxMmI0XkEyXkFqcGdeQXVyNzE3MDkxODc@._V1_SX300.jpg,"[{'Source': 'Internet Movie Database', 'Value': '6.3/10'}, {'Source': 'Rotten Tomatoes', 'Value': '82%'}]",N/A,6.3,630,tt8467788,movie,26 Jun 2018,N/A,Netflix,N/A,True,,
91,,,,,,,,,,,,,,,,,,,,,,,,,False,,Movie not found!
92,Luke Cage,2016–2018,TV-MA,30 Sep 2016,55 min,"Action, Crime, Drama, Sci-Fi, Thriller",N/A,Cheo Hodari Coker,"Mike Colter, Simone Missick, Theo Rossi, Alfre Woodard","When a sabotaged experiment gives him super strength and unbreakable skin, Luke Cage becomes a fugitive attempting to rebuild his life in Harlem and must soon confront his past and fight a battle for the heart of his city.","English, Spanish, Polish",USA,Won 1 Primetime Emmy. Another 5 wins & 22 nominations.,https://m.media-amazon.com/images/M/MV5BMjAxOTM3NjEwMV5BMl5BanBnXkFtZTgwNTkyOTY4NTM@._V1_SX300.jpg,"[{'Source': 'Internet Movie Database', 'Value': '7.3/10'}]",N/A,7.3,"111,091",tt3322314,series,,,,,True,2,
93,The Way We Dance,2013,N/A,08 Aug 2013,110 min,Drama,Adam Wong,"Saville Chan, Tai-lee Chan, Adam Wong","Cherry Ngan, Babyjohn Choi, Lok Man Yeung, Janice Fan","The rise, fall, and rise again of a Hong Kong street dance crew.",Cantonese,Hong Kong,8 wins & 12 nominations.,https://m.media-amazon.com/images/M/MV5BZDIxZGUwNzYtMzA1MC00ZWM5LTkwMWUtNDE0ZTY4NzhkMDQ1XkEyXkFqcGdeQXVyMjg0MTI5NzQ@._V1_SX300.jpg,"[{'Source': 'Internet Movie Database', 'Value': '6.7/10'}]",N/A,6.7,412,tt3003996,movie,N/A,N/A,Film Development Fund of Hong Kong,N/A,True,,
94,Dot 2 Dot,2014,N/A,30 Oct 2014,90 min,Drama,Amos Why,Amos Why,"Meng Ting Yi, Moses Chan, Candy Cheung, Tze Chung Lam","A girl from Northern China, who comes to Hong Kong for teaching Putonghua, starts exploring the surrounding and history of her new city when she determines to find out the boy behind the ...","Cantonese, Mandarin",Hong Kong,1 win & 3 nominations.,https://m.media-amazon.com/images/M/MV5BMTg2MjY5N2MtNjY0Mi00ZjA2LTkyMzEtMTdjZjdjN2U3ZGExXkEyXkFqcGdeQXVyMjg0MTI5NzQ@._V1_SX300.jpg,"[{'Source': 'Internet Movie Database', 'Value': '6.5/10'}]",N/A,6.5,234,tt3743974,movie,N/A,N/A,N/A,N/A,True,,
95,Cooking on High,2018–,N/A,22 Jun 2018,14 min,Game-Show,N/A,N/A,"Ngaio S. Bealum, Josh Leyva",Competitive cooking show where the primary ingredient is marijuana.,English,USA,N/A,https://m.media-amazon.com/images/M/MV5BNmE3YWQ2MmYtNDc2My00YzhmLWExNWQtZWYzMjU2ZDExMzQ5XkEyXkFqcGdeQXVyMjI5OTM0OTM@._V1_SX300.jpg,"[{'Source': 'Internet Movie Database', 'Value': '4.9/10'}]",N/A,4.9,364,tt8521728,series,,,,,True,1,
96,,,,,,,,,,,,,,,,,,,,,,,,,False,,Movie not found!
97,Brain on Fire,2016,PG-13,22 Jun 2018,88 min,"Biography, Drama",Gerard Barrett,"Gerard Barrett (screenplay), Susannah Cahalan (memoir)","Chloë Grace Moretz, Thomas Mann, Richard Armitage, Carrie-Anne Moss","A young, capable professional cannot explain her newly erratic behavior.",English,"USA, Canada, Ireland",N/A,https://m.media-amazon.com/images/M/MV5BNmY0OThiYWQtMTAzYi00N2FiLWFlYWUtZDUzYzJiY2RlNjEwXkEyXkFqcGdeQXVyNzAwMjU2MTY@._V1_SX300.jpg,"[{'Source': 'Internet Movie Database', 'Value': '6.6/10'}, {'Source': 'Rotten Tomatoes', 'Value': '13%'}, {'Source': 'Metacritic', 'Value': '34/100'}]",34,6.6,"14,996",tt3704700,movie,22 Jun 2018,N/A,Broad Green Pictures,N/A,True,,
98,,,,,,,,,,,,,,,,,,,,,,,,,False,,Movie not found!
99,Simon,2016–,TV-G,17 Dec 2016,5 min,"Animation, Family",N/A,Stephanie Blake,"Loti Bailey, Magali Bonfils, Mathias Casartelli, Hayden Connett",This animated series follows Simon who is an adorable little rabbit who exudes all the vitality of childhood.,"English, French",France,N/A,https://m.media-amazon.com/images/M/MV5BZjVjYmFhNjYtNTU1My00MmE4LWIzM2ItYTYxODI0NzIxODYwXkEyXkFqcGdeQXVyMjMyOTkyMDY@._V1_SX300.jpg,"[{'Source': 'Internet Movie Database', 'Value': '7.2/10'}]",N/A,7.2,61,tt7699866,series,,,,,True,N/A,
